regime,months,share
Goldilocks,101,0.1813285457809695
Overheating,46,0.08258527827648116
Stagflation,162,0.29084380610412924
Recession,248,0.4452423698384201
