regime,months,share
Goldilocks,89,0.22879177377892032
Overheating,45,0.11568123393316196
Stagflation,96,0.2467866323907455
Recession,159,0.4087403598971722
